"ID"	"SPOT_ID"	"Description"	"logFC"	"AveExpr"	"t"	"P.Value"	"adj.P.Val"	"B"
"1959_at"	1959	"early growth response 2"	4.61497564475	4.58908862113333	15.412481947625	6.4703251430808e-10	1.17261702568053e-05	13.0152727909932
"3491_at"	3491	"cysteine-rich, angiogenic inducer, 61"	4.86754107383928	5.88661704366667	14.1691727220522	1.88020986022912e-09	1.70375216484661e-05	11.8981130193485
"10468_at"	10468	"follistatin"	2.94872502666071	8.54050483273333	11.5507474672181	2.39498065133252e-08	0.000144680781146997	9.22347542564169
"2353_at"	2353	"FBJ murine osteosarcoma viral oncogene homolog"	5.80380240817857	7.26483739106667	10.9757821422991	4.46706940508028e-08	0.000202391747070675	8.56689016800636
"2354_at"	2354	"FBJ murine osteosarcoma viral oncogene homolog B"	4.634026691	4.47597926713333	10.5406753890973	7.28922511787686e-08	0.000225076884688827	8.0509155951659
"3725_at"	3725	"jun oncogene"	2.11610795732143	6.237933828	10.5214247988166	7.45164326067958e-08	0.000225076884688827	8.02769094071159
"3484_at"	3484	"insulin-like growth factor binding protein 1"	3.77540446155357	11.7386447352667	9.51266829075646	2.4786895720491e-07	0.000618353132745958	6.76084511910616
"1316_at"	1316	"Kruppel-like factor 6"	3.16147258491072	8.12227823833333	9.43510963675097	2.72958398828431e-07	0.000618353132745958	6.65921039192663
"29960_at"	29960	"FtsJ homolog 2 (E. coli)"	-0.767919616410716	6.23425742246667	-9.30052168693277	3.23134259723819e-07	0.000650684687663864	6.4813382524316
"10121_at"	10121	"ARP1 actin-related protein 1 homolog A, centractin alpha (yeast)"	-0.408861919196428	5.40778765666667	-9.00789233522761	4.69362752545552e-07	0.000850626116438304	6.08787805240006
"2597_at"	2597	"glyceraldehyde-3-phosphate dehydrogenase"	-0.477396294464281	13.2030611113333	-8.80172327116567	6.13878516954436e-07	0.000856473684482813	5.8050061549694
"230_at"	230	"aldolase C, fructose-bisphosphate"	-1.53822412669643	7.14648921733333	-8.79134204873325	6.22307076571562e-07	0.000856473684482813	5.79063651322069
"51506_at"	51506	"ubiquitin-fold modifier conjugating enzyme 1"	-0.376831952749997	9.90370045346667	-8.73225782520575	6.72679411440999e-07	0.000856473684482813	5.70861960672992
"9963_at"	9963	"solute carrier family 23 (nucleobase transporters), member 1"	-1.14865320382143	6.23836977146667	-8.71048767322942	6.92317056633274e-07	0.000856473684482813	5.67829951406272
"4929_at"	4929	"nuclear receptor subfamily 4, group A, member 2"	4.58600606966072	5.12100181246667	8.69262593289818	7.08884029533863e-07	0.000856473684482813	5.65338237791969
"64834_at"	64834	"elongation of very long chain fatty acids (FEN1/Elo2, SUR4/Elo3, yeast)-like 1"	-0.660823407392854	6.10802362346667	-8.54286622546875	8.65537839631824e-07	0.000980383891727972	5.44302376947896
"1666_at"	1666	"2,4-dienoyl CoA reductase 1, mitochondrial"	-0.580331594642853	11.7764219966667	-8.42850724870392	1.0097932316114e-06	0.00107649898449961	5.28063553598856
"892_at"	892	"cyclin C"	-0.380207451214286	10.1244360536	-8.36817754295127	1.09599550447475e-06	0.00108478957567101	5.19434870099381
"10221_at"	10221	"tribbles homolog 1 (Drosophila)"	1.989651473875	3.93974167426667	8.34104255881274	1.13728422103124e-06	0.00108478957567101	5.15539827531281
"1958_at"	1958	"early growth response 1"	3.738711428875	6.47000319726667	8.2960812874263	1.20937427155768e-06	0.00108634024242251	5.09066665651907
"83729_at"	83729	"inhibin, beta E"	-2.36966497039286	9.6744460834	-8.25239277134652	1.28408489645805e-06	0.00108634024242251	5.02753620761602
"1069_at"	1069	"centrin, EF-hand protein, 2"	-1.06010208214285	7.822574132	-8.22468932552816	1.33398610683613e-06	0.00108634024242251	4.98738582592355
"11079_at"	11079	"RER1 retention in endoplasmic reticulum 1 homolog (S. cerevisiae)"	-0.391859211089285	8.01355920253333	-8.20079459465607	1.37868043788102e-06	0.00108634024242251	4.95268123786589
"64801_at"	64801	"ARV1 homolog (S. cerevisiae)"	-0.588493140000001	7.730177929	-8.02159209990611	1.76899847017265e-06	0.00130524493318232	4.69020266152498
"201161_at"	201161	"centromere protein V"	1.08779491701786	6.99352266506667	8.00899167407474	1.8005365187639e-06	0.00130524493318232	4.67159925307417
"8892_at"	8892	"eukaryotic translation initiation factor 2B, subunit 2 beta, 39kDa"	-0.580880263892854	6.21107752226667	-7.88018085338534	2.15938101211695e-06	0.00150517161856137	4.48029814386419
"5147_at"	5147	"phosphodiesterase 6D, cGMP-specific, rod, delta"	-0.664597122660713	5.98054020046667	-7.70677502260961	2.76668146327869e-06	0.00185364658431926	4.21950363321051
"8343_at"	8343	"histone cluster 1, H2bf"	-1.18805763664286	5.9664557804	-7.68281759545534	2.86388039292277e-06	0.00185364658431926	4.183175340254
"2731_at"	2731	"glycine dehydrogenase (decarboxylating)"	-0.972653506142859	9.90866166546667	-7.64765255422509	3.01315559890244e-06	0.00186109400675725	4.12972050641868
"375035_at"	375035	"SFT2 domain containing 2"	-0.736383093374998	4.8558865468	-7.63232691979814	3.08077140664998e-06	0.00186109400675725	4.10637470194312
"10541_at"	10541	"acidic (leucine-rich) nuclear phosphoprotein 32 family, member B"	0.551873528928574	9.85989268766667	7.60244440373956	3.21727578594068e-06	0.00188086093769687	4.06076821463018
"55745_at"	55745	"MU-2/AP1M2 domain containing, death-inducing"	-0.721265599999998	7.76050137766667	-7.53601310549714	3.54421069203559e-06	0.00196729307407001	3.95897296783137
"55129_at"	55129	"anoctamin 10"	-1.27880136753572	3.81562791973333	-7.51909030697345	3.63299640031787e-06	0.00196729307407001	3.93295122108732
"29997_at"	29997	"glioma tumor suppressor candidate region gene 2"	0.751909015232146	8.4273536244	7.50424842422147	3.71280334207673e-06	0.00196729307407001	3.9100989876694
"9510_at"	9510	"ADAM metallopeptidase with thrombospondin type 1 motif, 1"	2.25919252928571	4.089294666	7.46994706329891	3.90443328190968e-06	0.00196729307407001	3.85717637629006
"1476_at"	1476	"cystatin B (stefin B)"	-1.00976598557143	10.2383041284	-7.46934614300422	3.90788228585335e-06	0.00196729307407001	3.85624788296563
"4257_at"	4257	"microsomal glutathione S-transferase 1"	-0.344901831428565	13.701426822	-7.44168668022481	4.07017744689635e-06	0.00199361691540818	3.81346032016142
"4670_at"	4670	"heterogeneous nuclear ribonucleoprotein M"	0.447824115392857	8.58592654293333	7.39838744954502	4.33872475618225e-06	0.0020555087812237	3.74628047221377
"100287932_at"	100287932	"translocase of inner mitochondrial membrane 23 homolog (yeast)"	-0.486436825392856	8.7875901314	-7.3853246216283	4.42337595694556e-06	0.0020555087812237	3.72596550097567
"283377_at"	283377	"SPRY domain containing 4"	-0.615592421785717	8.64394746	-7.28442744015242	5.13913999063892e-06	0.00232841585125873	3.56830551314961
"4700_at"	4700	"NADH dehydrogenase (ubiquinone) 1 alpha subcomplex, 6, 14kDa"	-0.703321426660711	7.4481481926	-7.20544715200966	5.78461362282043e-06	0.00250072933815929	3.44396481855662
"10327_at"	10327	"aldo-keto reductase family 1, member A1 (aldehyde reductase)"	-0.709376874821432	10.7160983446667	-7.20420407481615	5.79543299689292e-06	0.00250072933815929	3.44200127145975
"83953_at"	83953	"Fc receptor, IgA, IgM, high affinity"	-2.44107409771428	4.73931116673333	-7.18406984285706	5.97368717360527e-06	0.00251509799123021	3.41016923917717
"85236_at"	85236	"histone cluster 1, H2bk"	-1.02068385660714	10.2589829256667	-7.16949968854104	6.10629099013019e-06	0.00251509799123021	3.38710070631268
"57019_at"	57019	"cytokine induced apoptosis inhibitor 1"	-0.603881005017856	5.6051629282	-7.13918849667112	6.39222699530618e-06	0.00254455213836532	3.33902021648328
"3184_at"	3184	"heterogeneous nuclear ribonucleoprotein D (AU-rich element RNA binding protein 1, 37kDa)"	0.47660564351786	8.1667670256	7.13235638997641	6.45861051508054e-06	0.00254455213836532	3.32816619967747
"27235_at"	27235	"coenzyme Q2 homolog, prenyltransferase (yeast)"	-0.943586191196428	6.88270870906667	-7.09542908526612	6.83024775679713e-06	0.00262919651260163	3.26939390168838
"29095_at"	29095	"ORM1-like 2 (S. cerevisiae)"	-1.16313677217857	7.7658388384	-7.07251930279733	7.07211823952118e-06	0.00262919651260163	3.23284079010669
"36_at"	36	"acyl-CoA dehydrogenase, short/branched chain"	0.720027120000003	10.975365086	7.06912826823566	7.10868118509519e-06	0.00262919651260163	3.22742440762549
"51248_at"	51248	"PDZ domain containing 11"	-0.454388545750002	7.95705248973333	-7.00785542457144	7.80491418601321e-06	0.00282896919586235	3.12929263591819
"51300_at"	51300	"chromosome 3 open reading frame 1"	-0.363767375232143	9.15816959193333	-6.97584131158618	8.19701015870709e-06	0.00291283166874997	3.07782187359059
"1155_at"	1155	"tubulin folding cofactor B"	-0.454336246803568	6.67019462253333	-6.92134062780049	8.91313163885634e-06	0.00303741162751294	2.98988415366405
"79135_at"	79135	"apolipoprotein O"	-0.868769450714281	7.78261672533333	-6.91235476936451	9.03741205140318e-06	0.00303741162751294	2.97534725969134
"22822_at"	22822	"pleckstrin homology-like domain, family A, member 1"	2.79946665032143	5.1192142044	6.89424798420109	9.29343265901444e-06	0.00303741162751294	2.9460221847204
"353322_at"	353322	"ankyrin repeat domain 37"	2.22746881244643	7.12771780193333	6.89172760198043	9.32967223592486e-06	0.00303741162751294	2.941936791926
"1490_at"	1490	"connective tissue growth factor"	3.31828482117857	6.3701613918	6.88785883999609	9.38559019702724e-06	0.00303741162751294	2.93566410092207
"51651_at"	51651	"peptidyl-tRNA hydrolase 2"	-0.584570099553567	7.11289505033333	-6.84899260174879	9.96739014371547e-06	0.00316910546622027	2.87253642163596
"10952_at"	10952	"Sec61 beta subunit"	-0.414566757321428	11.163474302	-6.81235537167537	1.05507542458254e-05	0.0032128117600936	2.81284380179077
"8443_at"	8443	"glyceronephosphate O-acyltransferase"	-0.472452741089286	8.20810601353333	-6.81163027263923	1.05626570706714e-05	0.0032128117600936	2.8116605888377
"5707_at"	5707	"proteasome (prosome, macropain) 26S subunit, non-ATPase, 1"	-0.668335442517854	8.1411705272	-6.79669010284688	1.08110869131891e-05	0.0032128117600936	2.78726558301985
"29034_at"	29034	"hypothetical LOC29034"	3.43797615028571	5.42039537813333	6.79651905244875	1.08139666371853e-05	0.0032128117600936	2.78698611039112
"8660_at"	8660	"insulin receptor substrate 2"	2.37364114371429	9.6186195874	6.77655765936639	1.11556502704556e-05	0.00322853247163459	2.75434496447369
"140576_at"	140576	"S100 calcium binding protein A16"	-0.500347943250004	9.4398825064	-6.77268939269106	1.12231719755548e-05	0.00322853247163459	2.74801332667131
"51109_at"	51109	"retinol dehydrogenase 11 (all-trans/9-cis/11-cis)"	-1.04358919082143	9.2532801052	-6.74408891678143	1.17359797646848e-05	0.00330157547382817	2.7011371838791
"5721_at"	5721	"proteasome (prosome, macropain) activator subunit 2 (PA28 beta)"	-0.471446188035712	11.3918121326667	-6.73837078515313	1.18414393753149e-05	0.00330157547382817	2.69175197045109
"126295_at"	126295	"zinc finger protein 57"	-0.573302363839285	3.339818338	-6.71126439415073	1.23551423767298e-05	0.00339260977717386	2.64720213336626
"51009_at"	51009	"Der1-like domain family, member 2"	-0.492075111392855	7.97278052626667	-6.69967247402616	1.25819529277008e-05	0.00340332437177197	2.6281203856235
"51128_at"	51128	"SAR1 homolog B (S. cerevisiae)"	-0.630637501071426	9.975809822	-6.68381827875324	1.28992957353699e-05	0.00343785200900161	2.60199306845788
"11221_at"	11221	"dual specificity phosphatase 10"	1.762390587875	7.90765486613333	6.66199779192341	1.33499333514186e-05	0.00350638901634434	2.56597800598545
"1843_at"	1843	"dual specificity phosphatase 1"	2.42711613246429	8.7429987714	6.63633868169598	1.39011738431392e-05	0.00359901390798874	2.52354501129143
"9094_at"	9094	"unc-119 homolog (C. elegans)"	-0.574019796714285	4.31206984486667	-6.54892965582544	1.59662840292328e-05	0.00406235134133351	2.37832705083719
"152926_at"	152926	"protein phosphatase, Mg2+/Mn2+ dependent, 1K"	1.53126369719643	5.37350818973333	6.54216213871634	1.61391213693104e-05	0.00406235134133351	2.36704064830722
"64400_at"	64400	"AKT interacting protein"	-0.788224419482143	7.0708892752	-6.51585612089353	1.68299131022788e-05	0.00417819883770684	2.32311036511395
"4645_at"	4645	"myosin VB"	-1.40029176332143	6.9164515682	-6.49668401897757	1.73529580074173e-05	0.00424983321578952	2.29103446274917
"4191_at"	4191	"malate dehydrogenase 2, NAD (mitochondrial)"	-0.422591853035716	10.9528369473333	-6.46211073117773	1.83399293318182e-05	0.00438524070416171	2.23306569162065
"8799_at"	8799	"peroxisomal biogenesis factor 11 beta"	-0.406992435517855	7.21706547813333	-6.46041624947854	1.83897971371346e-05	0.00438524070416171	2.23022040185386
"284702_at"	284702	"non-protein coding RNA 201"	1.417088476875	6.033026212	6.39740293767248	2.03494489574546e-05	0.00478952030462273	2.1241351150036
"4201_at"	4201	"male-enhanced antigen 1"	-0.506093325571429	8.10529980173333	-6.38513863687102	2.0755785767939e-05	0.00482252699323538	2.10342509234115
"55167_at"	55167	"male-specific lethal 2 homolog (Drosophila)"	0.864526437946431	5.97696976866667	6.36954316474463	2.12848653511543e-05	0.00488285588302493	2.07706044032293
"5708_at"	5708	"proteasome (prosome, macropain) 26S subunit, non-ATPase, 2"	-0.539934258946428	7.35202875653333	-6.36088426863014	2.15847328894254e-05	0.00488975142693821	2.0624080492961
"1576_at"	1576	"cytochrome P450, family 3, subfamily A, polypeptide 4"	0.967027304107143	12.6366504273333	6.34198916371133	2.22546388658635e-05	0.00496649064531055	2.03039885641887
"29090_at"	29090	"chromosome 18 open reading frame 55"	-0.476604297928567	7.49874868646667	-6.33599862286794	2.24715683339108e-05	0.00496649064531055	2.02024048670696
"83872_at"	83872	"hemicentin 1"	-1.00004208346428	5.80325867313333	-6.32497540892589	2.28765770123461e-05	0.00499508680957529	2.00153531475677
"64080_at"	64080	"ribokinase"	-0.329723404124996	8.3690043112	-6.26612547456277	2.51727251092496e-05	0.00522949184666738	1.9013945770301
"7389_at"	7389	"uroporphyrinogen decarboxylase"	-0.370479359053569	8.67959590706667	-6.25933801979742	2.54527383242114e-05	0.00522949184666738	1.8898146336521
"51642_at"	51642	"mitochondrial ribosomal protein L48"	-0.586058906696429	7.25142251566667	-6.25250176083056	2.57380791278997e-05	0.00522949184666738	1.87814511091336
"6341_at"	6341	"SCO cytochrome oxidase deficient homolog 1 (yeast)"	-0.886671768232143	6.94407037986667	-6.25117849684225	2.57936989294215e-05	0.00522949184666738	1.8758855616143
"28972_at"	28972	"signal peptidase complex subunit 1 homolog (S. cerevisiae)"	-0.520267026428566	10.972663736	-6.25072300056978	2.58128737160986e-05	0.00522949184666738	1.87510772061842
"60491_at"	60491	"NIF3 NGG1 interacting factor 3-like 1 (S. pombe)"	-0.531837311428571	7.34232469366667	-6.24618616105436	2.60046791545875e-05	0.00522949184666738	1.86735872357103
"5720_at"	5720	"proteasome (prosome, macropain) activator subunit 1 (PA28 alpha)"	-0.579925556714286	9.16898660553333	-6.24350227484901	2.61188519593016e-05	0.00522949184666738	1.86277328751665
"79133_at"	79133	"chromosome 20 open reading frame 7"	-0.598719515142857	5.0872273386	-6.23034048020681	2.66864393458297e-05	0.00522949184666738	1.84027214129716
"171546_at"	171546	"chromosome 14 open reading frame 147"	-1.20690362182143	8.06181444406667	-6.22424408074586	2.69537220641283e-05	0.00522949184666738	1.82984189736746
"10384_at"	10384	"butyrophilin, subfamily 3, member A3"	-0.894838273339285	6.8750993834	-6.21845352912751	2.72102037012003e-05	0.00522949184666738	1.81993025863111
"1798_at"	1798	"dolichyl-phosphate (UDP-N-acetylglucosamine) N-acetylglucosaminephosphotransferase 1 (GlcNAc-1-P transferase)"	-0.872924904232143	6.36358998806667	-6.21816642546753	2.72229870205661e-05	0.00522949184666738	1.81943870743224
"26092_at"	26092	"torsin A interacting protein 1"	0.464632912053574	6.35238007566667	6.21392052751463	2.74127752266954e-05	0.00522949184666738	1.81216798598596
"115416_at"	115416	"chromosome 7 open reading frame 30"	-0.378213103607143	10.0728587854	-6.17100696995869	2.94109595913763e-05	0.0055522377153595	1.73854522114649
"50814_at"	50814	"NAD(P) dependent steroid dehydrogenase-like"	-1.36603354382143	6.6336511118	-6.15958514892414	2.99682008142965e-05	0.00559911034389171	1.71890783830751
"55969_at"	55969	"chromosome 20 open reading frame 24"	-0.478408644124995	9.84178351186667	-6.14759679713167	3.05650363732864e-05	0.00565234851217418	1.69827742597024
"11068_at"	11068	"cytochrome b-561 domain containing 2"	-0.670643850499999	5.94310151226667	-6.13624285512729	3.1141816230911e-05	0.00567014248547593	1.67872081295846
"10020_at"	10020	"glucosamine (UDP-N-acetyl)-2-epimerase/N-acetylmannosamine kinase"	0.361926153392858	10.7408257353333	6.13341977583624	3.12869971057547e-05	0.00567014248547593	1.67385548777535
"9540_at"	9540	"tumor protein p53 inducible protein 3"	-2.58370238371429	5.63158967993333	-6.11917451910575	3.20305096496074e-05	0.00574741511267163	1.64928860957915
"221443_at"	221443	"chromosome 6 open reading frame 130"	-0.789444533732144	7.4990420318	-6.11210214792328	3.24065196723403e-05	0.00574996498998706	1.63708164447956
"54463_at"	54463	"family with sequence similarity 134, member B"	1.72236371519643	7.69054370913333	6.10702576358917	3.26792691038276e-05	0.00574996498998706	1.62831559702794
"120224_at"	120224	"transmembrane protein 45B"	-2.73398197175	7.28520848726667	-6.09545066791117	3.33102498534537e-05	0.00580463132782829	1.60831435575919
"57406_at"	57406	"abhydrolase domain containing 6"	-0.709345770107141	8.0026418682	-6.06909537064278	3.47951683364871e-05	0.00600564605487768	1.56270603983391
"29098_at"	29098	"RAN guanine nucleotide release factor"	-1.00641608171429	4.39587556386667	-6.04632295539206	3.61342305793141e-05	0.00615268055390454	1.52322241300817
"7353_at"	7353	"ubiquitin fusion degradation 1 like (yeast)"	-0.502415225482137	9.44127941406667	-6.04057767820918	3.64805434488569e-05	0.00615268055390454	1.51324998874019
"150094_at"	150094	"salt-inducible kinase 1"	3.50832228528572	5.69173856546667	6.03753211854688	3.66655354975275e-05	0.00615268055390454	1.50796182090543
"6387_at"	6387	"chemokine (C-X-C motif) ligand 12"	0.593037601946429	8.95188008553333	6.02286803413448	3.75701508590042e-05	0.0062466407708049	1.48248227403938
"8802_at"	8802	"succinate-CoA ligase, alpha subunit"	-0.414423468428575	10.3583750064	-6.01268309691251	3.82122252758557e-05	0.00629563780613031	1.46476839729485
"4733_at"	4733	"developmentally regulated GTP binding protein 1"	-0.46394163430357	8.64336637486667	-5.99833577967989	3.91363203529418e-05	0.00634396391350235	1.43979149821436
"55096_at"	55096	"endogenous Borna-like N element-2"	1.04254017921429	3.1752989678	5.97872079487368	4.04378426542247e-05	0.00634396391350235	1.40559938719775
"5188_at"	5188	"PET112-like (yeast)"	-0.68713937517857	5.426852185	-5.97752212441795	4.05188379266359e-05	0.00634396391350235	1.40350823049809
"7832_at"	7832	"BTG family, member 2"	1.26785296019643	3.54589918713333	5.97455891244148	4.07197967736901e-05	0.00634396391350235	1.39833788946234
"60_at"	60	"actin, beta"	0.695567730357142	10.8162183266667	5.96536982054063	4.13496629650627e-05	0.00634396391350235	1.38229685195322
"54995_at"	54995	"3-oxoacyl-ACP synthase, mitochondrial"	-0.432939863857142	7.46580333386667	-5.96387789955284	4.14528880458227e-05	0.00634396391350235	1.37969139244017
"373156_at"	373156	"glutathione S-transferase kappa 1"	-0.337859776785713	11.0762928966667	-5.95497414953823	4.20745842562218e-05	0.00634396391350235	1.36413584823995
"55505_at"	55505	"NOP10 ribonucleoprotein homolog (yeast)"	-0.457409112357139	10.1676371117333	-5.95380387171392	4.21570227417231e-05	0.00634396391350235	1.36209048947049
"11164_at"	11164	"nudix (nucleoside diphosphate linked moiety X)-type motif 5"	-0.474403372946432	9.24214292066667	-5.95079364414999	4.23698537372631e-05	0.00634396391350235	1.35682850401514
"7385_at"	7385	"ubiquinol-cytochrome c reductase core protein II"	-0.424953723249999	10.1880521887333	-5.94463714783316	4.28086542297497e-05	0.00634396391350235	1.34606293694998
"201254_at"	201254	"stimulated by retinoic acid 13 homolog (mouse)"	-0.749984929410713	8.96699120106667	-5.94391324091664	4.28605627995068e-05	0.00634396391350235	1.34479674142138
"6291_at"	6291	"serum amyloid A4, constitutive"	-0.504456723392854	13.0939960086667	-5.93940034969754	4.31856581630102e-05	0.00634396391350235	1.3369015943514
"7538_at"	7538	"zinc finger protein 36, C3H type, homolog (mouse)"	1.91399286448214	8.26210890846667	5.93290762189929	4.36579229095447e-05	0.00634396391350235	1.32553799408268
"55967_at"	55967	"NADH dehydrogenase (ubiquinone) 1 alpha subcomplex, 12"	-0.489157533142857	10.3686724845333	-5.93261640535285	4.36792318774003e-05	0.00634396391350235	1.32502817300957
"143941_at"	143941	"tetratricopeptide repeat domain 36"	0.676650297357147	9.36970156926667	5.92658424980477	4.41230818880826e-05	0.00634396391350235	1.31446536153955
"84299_at"	84299	"chromosome 17 open reading frame 37"	-0.409651382053572	7.53463427466667	-5.92299941320401	4.43890968199042e-05	0.00634396391350235	1.3081856980696
"10169_at"	10169	"small EDRK-rich factor 2"	-0.243608326660713	9.2937084266	-5.92209594520721	4.44564044040611e-05	0.00634396391350235	1.30660279463801
"65109_at"	65109	"UPF3 regulator of nonsense transcripts homolog B (yeast)"	-1.08927753926786	4.5741501338	-5.91725085189554	4.48191916714929e-05	0.00634576727080052	1.29811217555477
"2720_at"	2720	"galactosidase, beta 1"	-0.561157772071429	7.71126946053333	-5.90956559042908	4.54010294143435e-05	0.00637549445849681	1.28463794301537
"7050_at"	7050	"TGFB-induced factor homeobox 1"	1.51983364362501	6.76418909873333	5.90388508131169	4.58361825705694e-05	0.00637549445849681	1.27467346574976
"26019_at"	26019	"UPF2 regulator of nonsense transcripts homolog (yeast)"	-0.64606096892857	6.12303903466667	-5.90066856861768	4.6084520998901e-05	0.00637549445849681	1.26902929549108
"56945_at"	56945	"mitochondrial ribosomal protein S22"	-0.333314372214286	7.98806558746667	-5.895490139705	4.64873044320602e-05	0.00637601737217074	1.25993954383079
"515_at"	515	"ATP synthase, H+ transporting, mitochondrial Fo complex, subunit B1"	-0.387889662321426	11.567340818	-5.89160474523973	4.67919390000942e-05	0.00637601737217074	1.25311711082675
"5244_at"	5244	"ATP-binding cassette, sub-family B (MDR/TAP), member 4"	-1.34455164325	10.6644683377333	-5.88096207709968	4.76371529060718e-05	0.00644274717997566	1.2344191103609
"5094_at"	5094	"poly(rC) binding protein 2"	0.496816106249998	8.609679641	5.87266426344717	4.83072513320185e-05	0.00644635950013461	1.21983024574087
"10606_at"	10606	"phosphoribosylaminoimidazole carboxylase, phosphoribosylaminoimidazole succinocarboxamide synthetase"	-0.46444232455357	9.48484937166667	-5.87032286422141	4.84981169889229e-05	0.00644635950013461	1.21571203069674
"4199_at"	4199	"malic enzyme 1, NADP(+)-dependent, cytosolic"	-1.88965650182143	6.8385270284	-5.86747953044844	4.87309635004382e-05	0.00644635950013461	1.21070999275263
"10611_at"	10611	"PDZ and LIM domain 5"	0.596471674767856	6.9670508096	5.85872306347417	4.94554447882312e-05	0.00649479004273271	1.19529868768684
"3485_at"	3485	"insulin-like growth factor binding protein 2, 36kDa"	4.29607937125	7.41237051466667	5.85338629312812	4.99025254716332e-05	0.00650635589296696	1.18590099334935
"51019_at"	51019	"coiled-coil domain containing 53"	-0.630192730785714	8.65265224846667	-5.83190187537837	5.1745690093572e-05	0.0066984795826129	1.14802990612737
"5176_at"	5176	"serpin peptidase inhibitor, clade F (alpha-2 antiplasmin, pigment epithelium derived factor), member 1"	-0.507704973035711	13.3337322113333	-5.81509815827016	5.32369988697312e-05	0.00684265340791588	1.1183666922896
"5510_at"	5510	"protein phosphatase 1, regulatory (inhibitor) subunit 7"	-0.425861569982142	7.5359909208	-5.80816168158198	5.38656828376043e-05	0.0068747026060979	1.10611092031991
"51138_at"	51138	"COP9 constitutive photomorphogenic homolog subunit 4 (Arabidopsis)"	-0.413439453624998	8.18888072293333	-5.79505831614814	5.50746364169776e-05	0.00693181219895249	1.08294165326059
"65986_at"	65986	"zinc finger and BTB domain containing 10"	1.26185239478571	5.8466556314	5.79502088519474	5.50781303674424e-05	0.00693181219895249	1.08287543542684
"84315_at"	84315	"MON1 homolog A (yeast)"	-0.695262181089286	3.82998582886667	-5.78817286995986	5.57212777868928e-05	0.00694768879346316	1.07075770853445
"54432_at"	54432	"Yip1 domain family, member 1"	-0.632662945910712	5.92325586953333	-5.78553614442849	5.59710072198655e-05	0.00694768879346316	1.06609029738648
"2730_at"	2730	"glutamate-cysteine ligase, modifier subunit"	0.993150775303573	8.32683391293333	5.77748570481187	5.67407665004596e-05	0.00698192873495122	1.05183406107968
"4143_at"	4143	"methionine adenosyltransferase I, alpha"	0.648590168571431	12.339310042	5.77171963700669	5.72989167986651e-05	0.00698192873495122	1.04161784720752
"10476_at"	10476	"ATP synthase, H+ transporting, mitochondrial Fo complex, subunit d"	-0.353257154107139	11.6505604526667	-5.77065497164527	5.74026034049402e-05	0.00698192873495122	1.03973100981007
"2627_at"	2627	"GATA binding protein 6"	1.54048008616071	7.147941828	5.75753978556215	5.86961341510173e-05	0.00699959952781551	1.01647547890376
"467_at"	467	"activating transcription factor 3"	1.41501863417857	3.95877640653333	5.7539034909392	5.90601601637433e-05	0.00699959952781551	1.01002365042579
"10099_at"	10099	"tetraspanin 3"	-1.10912997708928	8.18592938906667	-5.75314831259019	5.91360566539645e-05	0.00699959952781551	1.00868352789957
"390_at"	390	"Rho family GTPase 3"	1.45553611741072	10.321942535	5.74420999893014	6.00421751617275e-05	0.00699959952781551	0.992816057801755
"5524_at"	5524	"protein phosphatase 2A activator, regulatory subunit 4"	-0.487283002999998	6.91768161426667	-5.74370423771286	6.00938795486783e-05	0.00699959952781551	0.991917904236044
"6431_at"	6431	"splicing factor, arginine/serine-rich 6"	0.725971740339288	8.51599626053333	5.73389878110391	6.11055752960868e-05	0.00699959952781551	0.974498240740449
"95_at"	95	"aminoacylase 1"	-0.571117073750001	10.9894484126667	-5.73191252915568	6.13126756171648e-05	0.00699959952781551	0.970968059944581
"47_at"	47	"ATP citrate lyase"	-0.603492880642858	5.71477708353333	-5.72943941433768	6.15715681855739e-05	0.00699959952781551	0.966571844716582
"85437_at"	85437	"zinc finger CCHC-type and RNA binding motif 1"	-0.365917146499998	9.03941386346667	-5.72736134521402	6.1789991910842e-05	0.00699959952781551	0.962877238408425
"64979_at"	64979	"mitochondrial ribosomal protein L36"	-0.502210107392854	9.18428251346667	-5.72713336940522	6.18140035916061e-05	0.00699959952781551	0.962471884672406
"140739_at"	140739	"ubiquitin-conjugating enzyme E2F (putative)"	-0.43116100555357	7.67376605486667	-5.72449642662779	6.20924527895478e-05	0.00699959952781551	0.957782753620495
"2079_at"	2079	"enhancer of rudimentary homolog (Drosophila)"	-0.336685223928569	11.1522876913333	-5.71869436538113	6.27097618079692e-05	0.00699959952781551	0.947462030103455
"4729_at"	4729	"NADH dehydrogenase (ubiquinone) flavoprotein 2, 24kDa"	-0.402813411964283	11.130285584	-5.71566474463641	6.30346500155445e-05	0.00699959952781551	0.942071164443283
"51232_at"	51232	"cysteine rich transmembrane BMP regulator 1 (chordin-like)"	0.614216091125001	5.77255000173333	5.71338608209482	6.32801693463096e-05	0.00699959952781551	0.938015744817874
"3251_at"	3251	"hypoxanthine phosphoribosyltransferase 1"	0.985492546714283	8.3460620968	5.71145812836855	6.34886833080106e-05	0.00699959952781551	0.93458395918
"133686_at"	133686	"chromosome 5 open reading frame 33"	0.442603473750001	10.189523194	5.70925790160088	6.37275242558935e-05	0.00699959952781551	0.930666924074585
"84458_at"	84458	"ligand dependent nuclear receptor corepressor"	0.991551631607143	7.381985893	5.70230981858486	6.44879583746916e-05	0.0070404534314731	0.918293148389727
"84134_at"	84134	"translocase of outer mitochondrial membrane 40 homolog (yeast)-like"	-0.642305511142856	5.07854238013333	-5.68672956090423	6.622790785912e-05	0.00713667075700754	0.890523274513616
"8480_at"	8480	"RAE1 RNA export 1 homolog (S. pombe)"	-0.50119434082143	5.71272240486667	-5.68559552540458	6.63564582121244e-05	0.00713667075700754	0.88850074851636
"2158_at"	2158	"coagulation factor IX"	-0.258576397678571	13.4371528806667	-5.68371578750197	6.65701148330431e-05	0.00713667075700754	0.885147906647281
"25979_at"	25979	"dehydrogenase/reductase (SDR family) member 7B"	-0.835210523303573	6.299445575	-5.68043770958425	6.69444368311693e-05	0.00713667075700754	0.879299767563949
"63875_at"	63875	"mitochondrial ribosomal protein L17"	-0.49908643017857	7.435872583	-5.6750520521582	6.7564216427928e-05	0.00716062160423005	0.869688605829947
"100131414_at"	100131414	"hypothetical LOC100131414"	0.696263606535715	4.51149203913333	5.66905907951326	6.82609563662986e-05	0.00719240297806064	0.858989154406577
"3949_at"	3949	"low density lipoprotein receptor"	1.919832092125	5.74255088686667	5.6646984733278	6.87726455725511e-05	0.00720443153590372	0.851201053327725
"92344_at"	92344	"golgin, RAB6-interacting"	-0.653815261178571	5.7908830332	-5.65679720145559	6.97100697217582e-05	0.00725559983248924	0.837082912498725
"81688_at"	81688	"chromosome 6 open reading frame 62"	0.746383486214285	7.71561115206667	5.65386125621087	7.00617983052263e-05	0.00725559983248924	0.831834821816103
"81873_at"	81873	"actin related protein 2/3 complex, subunit 5-like"	-0.391220719535716	7.15288034413333	-5.62764198672461	7.32865265783854e-05	0.00754643023397772	0.784916974855709
"5230_at"	5230	"phosphoglycerate kinase 1"	-0.467667919785711	8.36971487626667	-5.62083260416126	7.41491834849981e-05	0.00754987439092579	0.772717260001532
"388_at"	388	"ras homolog gene family, member B"	1.51997127114286	8.61887018853333	5.61790080509851	7.45238706934665e-05	0.00754987439092579	0.767462770938491
"9352_at"	9352	"thioredoxin-like 1"	-0.32306555125	10.6683487673333	-5.61431309782093	7.49850824012911e-05	0.00754987439092579	0.761031208255003
"80308_at"	80308	"FAD1 flavin adenine dinucleotide synthetase homolog (S. cerevisiae)"	-0.323724159160715	5.5059199726	-5.61156601988302	7.53402478745628e-05	0.00754987439092579	0.756105476968899
"51433_at"	51433	"anaphase promoting complex subunit 5"	-0.26332248175	7.84199961493333	-5.61108261891522	7.54029280338557e-05	0.00754987439092579	0.755238598251288
"23107_at"	23107	"mitochondrial ribosomal protein S27"	-0.352569266857141	7.22656001346667	-5.60557025247279	7.61215616040209e-05	0.00757995088433885	0.745351162369464
"84513_at"	84513	"phosphatidic acid phosphatase type 2 domain containing 1B"	-0.718379125857142	5.09882904593333	-5.59528061129185	7.74822447430458e-05	0.00767328263102852	0.726884204908299
"8644_at"	8644	"aldo-keto reductase family 1, member C3 (3-alpha hydroxysteroid dehydrogenase, type II)"	-1.02717323303572	11.23626084	-5.58370617256673	7.90433019193109e-05	0.00778533565588951	0.706094913959341
"5073_at"	5073	"poly(A)-specific ribonuclease (deadenylation nuclease)"	-0.361952651857145	5.42123035346667	-5.57095267744092	8.08015605460418e-05	0.0078873148238751	0.683167686559913
"29081_at"	29081	"methyltransferase like 5"	-0.342329052714279	9.02081877306667	-5.56793406743809	8.12236804644361e-05	0.0078873148238751	0.677737973373344
"10351_at"	10351	"ATP-binding cassette, sub-family A (ABC1), member 8"	0.648365857910713	10.0622241600667	5.5667896952173	8.13843112103208e-05	0.0078873148238751	0.675679228824683
"7069_at"	7069	"thyroid hormone responsive (SPOT14 homolog, rat)"	-1.56599802057142	10.1523664137333	-5.56348140847219	8.18505538766534e-05	0.00789030631865208	0.669726609892618
"9158_at"	9158	"fibroblast growth factor (acidic) intracellular binding protein"	-0.548550076249997	7.33822303366667	-5.55001023417389	8.37781247889665e-05	0.00798484732075529	0.645473186486105
"3726_at"	3726	"jun B proto-oncogene"	2.16568154073214	6.9066809748	5.54911323045577	8.39081508321838e-05	0.00798484732075529	0.643857390791953
"23788_at"	23788	"mitochondrial carrier homolog 2 (C. elegans)"	-0.766778771660711	9.44843009493333	-5.54493774920729	8.45161966239231e-05	0.00798484732075529	0.636334618038512
"10463_at"	10463	"solute carrier family 30 (zinc transporter), member 9"	-0.234493453339283	8.3633986504	-5.54440814342443	8.45936481589701e-05	0.00798484732075529	0.635380290276671
"79154_at"	79154	"dehydrogenase/reductase (SDR family) member 11"	-0.871866315053569	4.2986649346	-5.53705173822893	8.56771891743874e-05	0.00801412027972202	0.622120597359694
"23411_at"	23411	"sirtuin (silent mating type information regulation 2 homolog) 1 (S. cerevisiae)"	1.0827591435	7.1758198318	5.53458542496196	8.60436996442424e-05	0.00801412027972202	0.617673576874712
"51204_at"	51204	"translational activator of mitochondrially encoded cytochrome c oxidase I"	-0.501329519589287	7.83277007406667	-5.53333333847601	8.62303953289077e-05	0.00801412027972202	0.615415633121597
"3609_at"	3609	"interleukin enhancer binding factor 3, 90kDa"	0.357236961964285	5.331824766	5.5288220501809	8.69065845506485e-05	0.00803575526434389	0.607278544119668
"10269_at"	10269	"zinc metallopeptidase (STE24 homolog, S. cerevisiae)"	-0.619254304982142	8.7330396238	-5.51703389324922	8.86998040203664e-05	0.00808516083200129	0.586003633292681
"100129550_at"	100129550	"hypothetical LOC100129550"	0.24866786982143	3.75804226266667	5.51695885737927	8.87113416721978e-05	0.00808516083200129	0.58586815337454
"10213_at"	10213	"proteasome (prosome, macropain) 26S subunit, non-ATPase, 14"	-0.786320137142859	8.66727302166667	-5.5165171820331	8.87792862974263e-05	0.00808516083200129	0.58507067819215
"79902_at"	79902	"nucleoporin 85kDa"	-0.530402913232144	6.68684601086667	-5.51076298159433	8.96694678490452e-05	0.00812539882914123	0.574678775506309
"25880_at"	25880	"transmembrane protein 186"	-0.704457305678574	5.7657280706	-5.48323015599693	9.40598783699498e-05	0.00848083171989353	0.524896381716728
"4706_at"	4706	"NADH dehydrogenase (ubiquinone) 1, alpha/beta subcomplex, 1, 8kDa"	-0.309059841785711	11.4530104813333	-5.47883384005984	9.47814719377389e-05	0.00850358720756258	0.516938338415907
"7112_at"	7112	"thymopoietin"	0.963890923964286	4.25841125926667	5.46030199706598	9.78874309804598e-05	0.00873898478649691	0.483365476402247
"10549_at"	10549	"peroxiredoxin 4"	-0.514060512321429	11.917314368	-5.45705683716346	9.84421817101378e-05	0.00874542970163151	0.477481921700467
"51053_at"	51053	"geminin, DNA replication inhibitor"	-0.853524861589285	6.9919828988	-5.44248335392718	0.000100974298658291	0.0089266205589474	0.451043252814521
"8992_at"	8992	"ATPase, H+ transporting, lysosomal 9kDa, V0 subunit e1"	-0.275028668214286	10.6424882206667	-5.43861269574826	0.00010165819592735	0.0089434538096668	0.444016695012109
"7965_at"	7965	"aminoacyl tRNA synthetase complex-interacting multifunctional protein 2"	-0.543153541767857	8.2748331868	-5.43437247376016	0.000102412950252203	0.00895842517319577	0.43631706222144
"5571_at"	5571	"protein kinase, AMP-activated, gamma 1 non-catalytic subunit"	-0.488129630142856	6.7122301036	-5.43195886274933	0.000102845183529694	0.00895842517319577	0.431933269383134
"553115_at"	553115	"penta-EF-hand domain containing 1"	-0.40922743673214	7.53794675106667	-5.42936784589572	0.000103311309451962	0.00895842517319577	0.427226432603828
"25805_at"	25805	"BMP and activin membrane-bound inhibitor homolog (Xenopus laevis)"	1.31367200848214	6.01908477666667	5.41658964856068	0.000105642626760513	0.00908714064319118	0.404001094206742
"51493_at"	51493	"chromosome 22 open reading frame 28"	-0.527096536250001	8.44988716966667	-5.41574568995472	0.000105798525393883	0.00908714064319118	0.402466405413704
"83460_at"	83460	"transmembrane protein 93"	-0.301014124553571	7.713994511	-5.40719728994906	0.000107391228896094	0.00918043038341465	0.386916551869093
"6443_at"	6443	"sarcoglycan, beta (43kDa dystrophin-associated glycoprotein)"	-0.994074647642856	4.91840561326667	-5.40387042397105	0.000108017831518468	0.00919064394652203	0.380862355810033
"10134_at"	10134	"B-cell receptor-associated protein 31"	-0.435422674821424	10.740372908	-5.39513664907954	0.000109681049505636	0.009261099166909	0.364962053267161
"26118_at"	26118	"WD repeat and SOCS box-containing 1"	0.924293935785718	8.23724524253333	5.39213275485987	0.000110259262052584	0.009261099166909	0.35949107313346
"7332_at"	7332	"ubiquitin-conjugating enzyme E2L 3"	-0.412990882035714	5.89262041146667	-5.39151309849951	0.000110378933954221	0.009261099166909	0.358362353614825
"51668_at"	51668	"heat shock protein family B (small), member 11"	-0.279587964839285	7.22195782953333	-5.38700874107985	0.000111252932025072	0.00929141422622293	0.350156095794865
"5993_at"	5993	"regulatory factor X, 5 (influences HLA class II expression)"	-0.831179585339286	4.56328390113333	-5.38056530693038	0.000112515764307891	0.0093506410096135	0.338412679206933
"4170_at"	4170	"myeloid cell leukemia sequence 1 (BCL2-related)"	1.19107712860714	9.0292910816	5.37814483923727	0.000112994006572055	0.0093506410096135	0.333999926316095
"10026_at"	10026	"phosphatidylinositol glycan anchor biosynthesis, class K"	-0.64223528325	6.5055756204	-5.37275448745776	0.000114066691626051	0.00939650296517693	0.324170125779333
"90141_at"	90141	"chromosome 14 open reading frame 143"	-1.26057200416071	3.6741255416	-5.36180618181667	0.000116278285883354	0.00953534558852501	0.304193623529602
"28984_at"	28984	"chromosome 13 open reading frame 15"	2.76870503817857	4.5504345064	5.35851086900413	0.000116952683135712	0.0095474480922005	0.298177976568179
"7283_at"	7283	"tubulin, gamma 1"	-0.80484636994643	6.05602128173333	-5.35132286429113	0.00011843794519057	0.00962534027214665	0.285051424839343
"64651_at"	64651	"cysteine-serine-rich nuclear protein 1"	3.06164565067857	5.63087653206667	5.34647373398589	0.000119451040184244	0.00966433571990648	0.276192403857912
"79070_at"	79070	"KDEL (Lys-Asp-Glu-Leu) containing 1"	-1.08952788503571	5.6572228444	-5.34119161209454	0.00012056490101329	0.00971110089361715	0.26653898364872
"11311_at"	11311	"vacuolar protein sorting 45 homolog (S. cerevisiae)"	-0.797045916928571	5.72305249326667	-5.337299367942	0.000121392610067171	0.00973450562941302	0.259423419127931
"57018_at"	57018	"cyclin L1"	0.826539140875	8.29600988386667	5.32126736600046	0.00012486496625419	0.0099688448609017	0.230094717699745
"115201_at"	115201	"ATG4 autophagy related 4 homolog A (S. cerevisiae)"	-0.950372917857143	5.73144998433333	-5.31868276680465	0.000125434397008493	0.00997038410958294	0.225363487629665
"11161_at"	11161	"chromosome 14 open reading frame 1"	-0.825498228928568	8.30604683366667	-5.31411615971195	0.00012644713347638	0.0100069930130674	0.217002063836346
"740_at"	740	"mitochondrial ribosomal protein L49"	-0.48635476960714	7.5389177606	-5.30868972312776	0.000127661661805285	0.0100285374749734	0.207062921879072
"10140_at"	10140	"transducer of ERBB2, 1"	0.939280968214288	11.152153296	5.30795923033397	0.000127826086007772	0.0100285374749734	0.205724660549694
"3053_at"	3053	"serpin peptidase inhibitor, clade D (heparin cofactor), member 1"	-0.24223838178572	13.2870736293333	-5.30315168721604	0.000128913729173803	0.0100611571806802	0.196915595767055
"2195_at"	2195	"FAT tumor suppressor homolog 1 (Drosophila)"	-1.68981375875	7.48045617866667	-5.29991481402253	0.000129651466857778	0.0100611571806802	0.190982917915641
"84890_at"	84890	"2-aminoethanethiol (cysteamine) dioxygenase"	0.669915339910716	5.80500526	5.2987966278142	0.00012990734317051	0.0100611571806802	0.188933156604221
"92840_at"	92840	"receptor accessory protein 6"	-0.540543405160712	9.9615781038	-5.28617121501297	0.000132833281114125	0.0102439895899203	0.165778589449258
"51103_at"	51103	"NADH dehydrogenase (ubiquinone) 1 alpha subcomplex, assembly factor 1"	-0.54607364517857	8.299913298	-5.27600328827617	0.000135239664153876	0.0103755340989778	0.147116614851634
"516_at"	516	"ATP synthase, H+ transporting, mitochondrial Fo complex, subunit C1 (subunit 9)"	-0.59290631746428	7.88142147893333	-5.27414635037873	0.000135684024800405	0.0103755340989778	0.143707054262989
"10724_at"	10724	"meningioma expressed antigen 5 (hyaluronidase)"	0.448259403178571	6.83599705873333	5.26736404047934	0.00013732000133548	0.0104398600557966	0.131250303251115
"85476_at"	85476	"G elongation factor, mitochondrial 1"	-0.461301993910713	7.9407076758	-5.26379599642269	0.000138188906443535	0.0104398600557966	0.124694766140009
"54927_at"	54927	"coiled-coil-helix-coiled-coil-helix domain containing 3"	-0.665138938571425	6.48493474566667	-5.26353208577723	0.000138253402493581	0.0104398600557966	0.124209823025155
"8607_at"	8607	"RuvB-like 1 (E. coli)"	-0.765486888089286	5.63717587993333	-5.25565136468738	0.00014019388204357	0.0104991285498156	0.10972482783412
"5713_at"	5713	"proteasome (prosome, macropain) 26S subunit, non-ATPase, 7"	-0.513245632999999	7.88212742326667	-5.25563904333992	0.000140196938092776	0.0104991285498156	0.109702174853672
"3164_at"	3164	"nuclear receptor subfamily 4, group A, member 1"	2.95123501894643	4.02481852546667	5.25039371860644	0.000141504263300271	0.0105534228962585	0.100056871996405
"55750_at"	55750	"acylglycerol kinase"	-0.641828315410714	4.8026427106	-5.24068662530942	0.00014395727668608	0.0106700920984656	0.0821981865208761
"292_at"	292	"solute carrier family 25 (mitochondrial carrier; adenine nucleotide translocator), member 5"	-0.445372806071427	11.7989929946667	-5.23324913957249	0.000145866743633269	0.0106700920984656	0.0685072090846166
"8195_at"	8195	"McKusick-Kaufman syndrome"	-0.569889493035714	8.03002307766667	-5.23276933251349	0.0001459908307052	0.0106700920984656	0.0676237442340168
"11234_at"	11234	"Hermansky-Pudlak syndrome 5"	-1.70967192566071	8.42801184673333	-5.23134068413052	0.000146360958255443	0.0106700920984656	0.0649930187503998
"5436_at"	5436	"polymerase (RNA) II (DNA directed) polypeptide G"	-0.673666861982142	8.2232631062	-5.23083370553389	0.000146492539068029	0.0106700920984656	0.0640594039599565
"3394_at"	3394	"interferon regulatory factor 8"	1.70184726691072	7.9732286706	5.23041552536852	0.000146601166060692	0.0106700920984656	0.0632892902229196
"23475_at"	23475	"quinolinate phosphoribosyltransferase"	-0.664863425035712	9.2059413144	-5.2083752248629	0.000152446940693503	0.0110182901092943	0.0226700196502696
